Machine,15001,Object
MachineInfo_CPU_Usage,15002,Variable
MachineInfo_MEM_Usage,15003,Variable
MachineFolder,15004,ObjectType
MachineInfo,15005,ObjectType
MachineLog,15006,ObjectType
MachineLog_Line,15007,Variable
MachineLog_Index,15008,Variable
MachineType,15009,ObjectType
MachineType_Performance,15010,Object
MachineType_Performance_CPU_Usage,15011,Variable
MachineType_Performance_MEM_Usage,15012,Variable
Machine_Performance,15013,Object
Machine_Performance_CPU_Usage,15014,Variable
Machine_Performance_MEM_Usage,15015,Variable
MachineType_Log,15016,Object
MachineType_Log_Line,15017,Variable
MachineType_Log_Index,15018,Variable
MachineLog_Count,15019,Variable
MachineType_Log_Count,15020,Variable
Machine_Log,15021,Object
Machine_Log_Line,15022,Variable
Machine_Log_Index,15023,Variable
Machine_Log_Count,15024,Variable
